{
  "metrics": {
    "f2_val": 0.7231898197274044,
    "f2_test": 0.7420613731509356,
    "recall_val": 0.7192184265010353,
    "recall_test": 0.7355634647154017,
    "train_size": 930,
    "val_size": 485,
    "test_size": 485
  }
}